county,year,pm25_mean
Alameda County,2001,11.337367714476986
Alameda County,2002,12.515194190495615
Alameda County,2003,11.746713973175616
Alameda County,2004,10.519770967069672
Alameda County,2005,10.04693993135041
Alameda County,2006,10.53781816757315
Alameda County,2007,10.250983353649042
Alameda County,2008,12.302361871956556
Alameda County,2009,10.709888972733424
Alameda County,2010,9.295201814873973
Alameda County,2011,9.900472131767671
Alameda County,2012,8.24411191217377
Alameda County,2013,11.00061493225178
Alameda County,2014,8.970681448795343
Alpine County,2001,7.686803830136987
Alpine County,2002,8.902170824657535
Alpine County,2003,8.08062393150685
Alpine County,2004,8.087347775956284
Alpine County,2005,7.934022723287671
Alpine County,2006,7.889818057534247
Alpine County,2007,5.296604676712328
Alpine County,2008,7.053057885245902
Alpine County,2009,6.361882643835616
Alpine County,2010,5.6764650082191785
Alpine County,2011,6.121719969863014
Alpine County,2012,4.880946038251366
Alpine County,2013,6.543712876712329
Alpine County,2014,5.618062739726028
Amador County,2001,10.403290986593973
Amador County,2002,12.218641147953424
Amador County,2003,11.029036272452055
Amador County,2004,10.650562450507651
Amador County,2005,10.286229476406575
Amador County,2006,10.67056145114137
Amador County,2007,8.739039150694795
Amador County,2008,10.444600428963115
Amador County,2009,8.417257824341918
Amador County,2010,6.972696292846302
Amador County,2011,7.685671137589589
Amador County,2012,6.84272310261858
Amador County,2013,8.36675887368137
Amador County,2014,7.391469254185479
Butte County,2001,10.039504003552876
Butte County,2002,11.240247098541369
Butte County,2003,10.582500018120822
Butte County,2004,9.622949592734972
Butte County,2005,9.575340520652329
Butte County,2006,9.548044509761644
Butte County,2007,8.43493826048904
Butte County,2008,11.90542428030328
Butte County,2009,8.135902676759999
Butte County,2010,6.726448397479452
Butte County,2011,7.720789141764383
Butte County,2012,6.901922184723498
Butte County,2013,8.65357056299507
Butte County,2014,8.281286124092329
Calaveras County,2001,10.343405991506849
Calaveras County,2002,11.958017780273973
Calaveras County,2003,11.248458550136988
Calaveras County,2004,10.422676448907104
Calaveras County,2005,10.0638389230137
Calaveras County,2006,10.441274625479453
Calaveras County,2007,8.278622795616439
Calaveras County,2008,9.953259284972678
Calaveras County,2009,8.239808925753424
Calaveras County,2010,6.9119487095890415
Calaveras County,2011,7.490274852054794
Calaveras County,2012,6.564585215846994
Calaveras County,2013,8.256749287671234
Calaveras County,2014,7.397673287671232
Colusa County,2001,9.920628076164384
Colusa County,2002,11.080532456986301
Colusa County,2003,10.758622762739726
Colusa County,2004,9.24402539125683
Colusa County,2005,9.036550690410959
Colusa County,2006,9.721229740821919
Colusa County,2007,7.110535166027398
Colusa County,2008,10.410876990163935
Colusa County,2009,7.106684357808219
Colusa County,2010,5.625826906849315
Colusa County,2011,6.696528015342466
Colusa County,2012,6.21477675409836
Colusa County,2013,7.193123315068493
Colusa County,2014,7.6464089424657535
Contra Costa County,2001,11.46410099877507
Contra Costa County,2002,12.697596417416987
Contra Costa County,2003,11.961385946038904
Contra Costa County,2004,10.749035409312022
Contra Costa County,2005,10.043866626829315
Contra Costa County,2006,10.757854144450684
Contra Costa County,2007,9.85463078490411
Contra Costa County,2008,12.071336067440438
Contra Costa County,2009,10.273169484738357
Contra Costa County,2010,8.882426701718355
Contra Costa County,2011,9.46331942069863
Contra Costa County,2012,8.064304108874863
Contra Costa County,2013,10.894634092456439
Contra Costa County,2014,9.42147794441781
Del Norte County,2001,8.035023153417534
Del Norte County,2002,10.441269423087945
Del Norte County,2003,7.822875663406027
Del Norte County,2004,8.008093692423497
Del Norte County,2005,7.551104972207398
Del Norte County,2006,8.226579638362466
Del Norte County,2007,6.155821067307124
Del Norte County,2008,8.238271054268852
Del Norte County,2009,7.226750204298082
Del Norte County,2010,5.508046973384383
Del Norte County,2011,6.030933391004384
Del Norte County,2012,5.344122880554372
Del Norte County,2013,6.460763432490685
Del Norte County,2014,7.738789158512603
El Dorado County,2001,9.58587223675726
El Dorado County,2002,11.354712613171781
El Dorado County,2003,9.65307425293781
El Dorado County,2004,9.999547314094263
El Dorado County,2005,9.719742002744658
El Dorado County,2006,9.998880035226028
El Dorado County,2007,8.176800262820274
El Dorado County,2008,10.269086682345629
El Dorado County,2009,8.011320070992054
El Dorado County,2010,6.701031527749315
El Dorado County,2011,7.3785067228969865
El Dorado County,2012,6.470295477831968
El Dorado County,2013,8.05208066199178
El Dorado County,2014,6.746582310927398
Fresno County,2001,16.510857243781643
Fresno County,2002,17.878551069717258
Fresno County,2003,14.836697564828492
Fresno County,2004,14.571006753254919
Fresno County,2005,14.584944323340547
Fresno County,2006,14.61510963948411
Fresno County,2007,15.51457340610274
Fresno County,2008,15.49609902053798
Fresno County,2009,13.774390199225753
Fresno County,2010,11.763951782448494
Fresno County,2011,13.338244511392876
Fresno County,2012,12.053828246856558
Fresno County,2013,14.481675364494247
Fresno County,2014,14.4350051583937
Glenn County,2001,9.625843941559452
Glenn County,2002,10.827572244749863
Glenn County,2003,10.570324563478357
Glenn County,2004,9.1894009021
Glenn County,2005,9.047914648392055
Glenn County,2006,9.599371526480548
Glenn County,2007,7.813398213702466
Glenn County,2008,11.181357481788524
Glenn County,2009,7.654046334243562
Glenn County,2010,6.309411449773151
Glenn County,2011,7.215650983564658
Glenn County,2012,6.449778597441804
Glenn County,2013,7.786304634710959
Glenn County,2014,8.052669954338356
Humboldt County,2001,7.665036181278082
Humboldt County,2002,8.982415379440548
Humboldt County,2003,8.304425620552054
Humboldt County,2004,7.779868332877596
Humboldt County,2005,7.106157634887671
Humboldt County,2006,8.962361411233424
Humboldt County,2007,6.451712036263288
Humboldt County,2008,9.179500211019127
Humboldt County,2009,7.2473467945271235
Humboldt County,2010,5.661872059908767
Humboldt County,2011,6.113813217252603
Humboldt County,2012,5.243822566477869
Humboldt County,2013,6.3004488538852055
Humboldt County,2014,7.7596183333263005
Imperial County,2001,12.140646571118083
Imperial County,2002,10.631376559090684
Imperial County,2003,14.126859144502193
Imperial County,2004,9.908971398384427
Imperial County,2005,9.336392087236712
Imperial County,2006,9.123815796996713
Imperial County,2007,8.32436282157589
Imperial County,2008,8.40040482478388
Imperial County,2009,8.453054682008768
Imperial County,2010,7.5570573236372605
Imperial County,2011,8.459871619874248
Imperial County,2012,7.914706019747814
Imperial County,2013,7.548357030487945
Imperial County,2014,9.249413205484384
Inyo County,2001,8.692154289501095
Inyo County,2002,8.924876192697534
Inyo County,2003,8.451575547028218
Inyo County,2004,7.805837948992349
Inyo County,2005,7.955140221452055
Inyo County,2006,7.973778726029315
Inyo County,2007,5.10509880274274
Inyo County,2008,6.413661668033879
Inyo County,2009,7.151816052971781
Inyo County,2010,6.054802818264384
Inyo County,2011,6.875124955252876
Inyo County,2012,5.155980760479781
Inyo County,2013,5.441685031965753
Inyo County,2014,5.637128310500548
Kern County,2001,16.649981081703288
Kern County,2002,18.07600779012712
Kern County,2003,13.223023132546574
Kern County,2004,14.3702670926
Kern County,2005,14.262723160887123
Kern County,2006,14.468212554772602
Kern County,2007,14.615513935763287
Kern County,2008,15.26514396186366
Kern County,2009,14.793747517032056
Kern County,2010,11.60611668183452
Kern County,2011,12.263346553164384
Kern County,2012,10.752653014146448
Kern County,2013,13.585534867100275
Kern County,2014,12.698799624781644
Kings County,2001,17.03819890174219
Kings County,2002,18.77164164718685
Kings County,2003,15.172075995648767
Kings County,2004,15.12010811961694
Kings County,2005,15.248442759412876
Kings County,2006,15.050727543388492
Kings County,2007,16.431382947638355
Kings County,2008,16.39277054653743
Kings County,2009,14.455631753718357
Kings County,2010,11.929936713143013
Kings County,2011,13.135062285049315
Kings County,2012,12.469347520737704
Kings County,2013,15.603129287674795
Kings County,2014,14.790806595659726
Lake County,2001,8.522346289503288
Lake County,2002,9.537573113991508
Lake County,2003,9.694428066116163
Lake County,2004,7.96679934044071
Lake County,2005,7.488825507573698
Lake County,2006,8.627423545203834
Lake County,2007,5.542537755263836
Lake County,2008,9.65898664880601
Lake County,2009,6.231629550870137
Lake County,2010,5.052106782462466
Lake County,2011,5.685341934237534
Lake County,2012,5.177570633880328
Lake County,2013,5.884699413697534
Lake County,2014,6.438643227390411
Lassen County,2001,8.693791450826849
Lassen County,2002,9.441793356481096
Lassen County,2003,7.804544173210686
Lassen County,2004,8.230319626278416
Lassen County,2005,8.309851369258903
Lassen County,2006,7.671296451450411
Lassen County,2007,6.708606957075617
Lassen County,2008,9.196488173942077
Lassen County,2009,7.365240628311507
Lassen County,2010,6.028974295583836
Lassen County,2011,6.722251222226028
Lassen County,2012,6.352125585913934
Lassen County,2013,6.279846383565753
Lassen County,2014,6.377305126335342
Los Angeles County,2001,20.67311899743123
Los Angeles County,2002,19.525897862787122
Los Angeles County,2003,17.44364732620959
Los Angeles County,2004,16.82436686339918
Los Angeles County,2005,15.45323282348767
Los Angeles County,2006,14.518809256632602
Los Angeles County,2007,15.131894974195342
Los Angeles County,2008,14.551832346325408
Los Angeles County,2009,13.895188492240822
Los Angeles County,2010,11.284661752331232
Los Angeles County,2011,11.875169853903836
Los Angeles County,2012,11.675433659852187
Los Angeles County,2013,11.520042575021918
Los Angeles County,2014,12.480801860998357
Madera County,2001,14.531980424284932
Madera County,2002,15.73564847506137
Madera County,2003,13.630412275170684
Madera County,2004,13.18895928295765
Madera County,2005,12.958665593566026
Madera County,2006,13.179209512926302
Madera County,2007,12.303894838004931
Madera County,2008,12.974614795682513
Madera County,2009,11.761078697666026
Madera County,2010,9.963310764991233
Madera County,2011,10.969824527589862
Madera County,2012,9.762294369213114
Madera County,2013,11.731695008932054
Madera County,2014,11.356852352603015
Marin County,2001,9.829786208707398
Marin County,2002,10.961128824869315
Marin County,2003,10.632000798110958
Marin County,2004,9.18561379343989
Marin County,2005,8.55573681449041
Marin County,2006,9.292249591823836
Marin County,2007,7.507855312776712
Marin County,2008,10.366591756148907
Marin County,2009,8.879777786816712
Marin County,2010,7.397613677457261
Marin County,2011,7.882287497120547
Marin County,2012,6.631562856428415
Marin County,2013,8.92589261770137
Marin County,2014,9.47005787297315
Mariposa County,2001,11.43593870091096
Mariposa County,2002,12.24221329587863
Mariposa County,2003,11.603178235179726
Mariposa County,2004,10.836822695783606
Mariposa County,2005,10.377201894079452
Mariposa County,2006,10.739944688118356
Mariposa County,2007,8.291116173967398
Mariposa County,2008,9.579059593817213
Mariposa County,2009,8.815999426928768
Mariposa County,2010,7.400909994070411
Mariposa County,2011,8.210610247032877
Mariposa County,2012,6.82507652550601
Mariposa County,2013,8.157407625556164
Mariposa County,2014,7.620532876697535
Mendocino County,2001,7.384450804520548
Mendocino County,2002,8.497355086849316
Mendocino County,2003,8.939177217534246
Mendocino County,2004,7.264788321174863
Mendocino County,2005,6.718292605068493
Mendocino County,2006,7.919260940547946
Mendocino County,2007,5.382249874657534
Mendocino County,2008,9.364926607513661
Mendocino County,2009,6.267468813561644
Mendocino County,2010,5.023537533150685
Mendocino County,2011,5.621887892465754
Mendocino County,2012,4.920465819672131
Mendocino County,2013,5.810467965753424
Mendocino County,2014,6.980445987671232
Merced County,2001,13.812224503624932
Merced County,2002,15.518020853465206
Merced County,2003,13.72858017338548
Merced County,2004,12.91397757879399
Merced County,2005,12.668017491526301
Merced County,2006,13.079777941202194
Merced County,2007,13.113869093446576
Merced County,2008,13.574147270336614
Merced County,2009,11.829438529942191
Merced County,2010,10.145094627275617
Merced County,2011,10.399814495878903
Merced County,2012,9.462218250250546
Merced County,2013,11.870428140890958
Merced County,2014,10.719101706463288
Modoc County,2001,8.016400700684931
Modoc County,2002,9.897091787671233
Modoc County,2003,7.164934898630137
Modoc County,2004,7.338797226092896
Modoc County,2005,8.01809993630137
Modoc County,2006,7.147872621917808
Modoc County,2007,5.449045632191781
Modoc County,2008,7.798712221311475
Modoc County,2009,7.222227213013698
Modoc County,2010,5.772395738356164
Modoc County,2011,6.346213906164384
Modoc County,2012,5.808197943989071
Modoc County,2013,6.068206472602739
Modoc County,2014,5.969496575342466
Mono County,2001,8.53210186302274
Mono County,2002,8.733808105940273
Mono County,2003,8.172993596354521
Mono County,2004,7.879422931695902
Mono County,2005,7.972882633800274
Mono County,2006,7.839358354331506
Mono County,2007,5.1942324392654795
Mono County,2008,6.691426992706558
Mono County,2009,7.053116369865205
Mono County,2010,5.927189413700548
Mono County,2011,6.5922695926942465
Mono County,2012,4.959162632055465
Mono County,2013,5.6075952511498635
Mono County,2014,5.453063470319178
Monterey County,2001,9.990571174009863
Monterey County,2002,11.002385376910958
Monterey County,2003,10.420957422971233
Monterey County,2004,9.864220865528415
Monterey County,2005,9.294746856009588
Monterey County,2006,9.732655967401918
Monterey County,2007,8.497956121789315
Monterey County,2008,9.823181262266122
Monterey County,2009,8.773999658598903
Monterey County,2010,7.2745237600526025
Monterey County,2011,7.927943517605205
Monterey County,2012,6.777969921850819
Monterey County,2013,8.06251169243726
Monterey County,2014,5.698836879072055
Napa County,2001,10.404230703904108
Napa County,2002,11.415743333630138
Napa County,2003,10.883460613424658
Napa County,2004,9.674364323770492
Napa County,2005,8.850263591917809
Napa County,2006,9.870746636369862
Napa County,2007,7.076996757876713
Napa County,2008,10.362371785587431
Napa County,2009,8.02331337431507
Napa County,2010,6.7434658926712325
Napa County,2011,7.066941990410959
Napa County,2012,6.425852553961748
Napa County,2013,7.790393237671233
Napa County,2014,9.288279
Nevada County,2001,9.688299431643836
Nevada County,2002,10.979836414246575
Nevada County,2003,9.330299955479452
Nevada County,2004,9.464122126912569
Nevada County,2005,9.414522570547945
Nevada County,2006,9.585492616164384
Nevada County,2007,7.86661957890411
Nevada County,2008,10.847155595628415
Nevada County,2009,7.5088948060273975
Nevada County,2010,6.457955893150685
Nevada County,2011,6.7989130431506855
Nevada County,2012,6.058637389480874
Nevada County,2013,7.670166119178082
Nevada County,2014,6.815175595890412
Orange County,2001,21.379236347678905
Orange County,2002,19.328604496712877
Orange County,2003,17.69618243792274
Orange County,2004,16.69606345856366
Orange County,2005,15.319426235686576
Orange County,2006,14.543912471679453
Orange County,2007,14.091635565675343
Orange County,2008,13.638055050812294
Orange County,2009,12.714219091072875
Orange County,2010,10.326602314935617
Orange County,2011,11.03300603243178
Orange County,2012,11.147677507842623
Orange County,2013,10.916412161660823
Orange County,2014,12.866284894783014
Placer County,2001,10.707693442975616
Placer County,2002,12.430775489753973
Placer County,2003,10.63880606199863
Placer County,2004,10.630485625547268
Placer County,2005,10.424538490700273
Placer County,2006,10.899277592590686
Placer County,2007,9.985139652073698
Placer County,2008,12.013299938136612
Placer County,2009,9.16068440217041
Placer County,2010,7.7978634900158905
Placer County,2011,8.552565285677808
Placer County,2012,7.583413947291531
Placer County,2013,9.418514799674247
Placer County,2014,7.78942397582137
Plumas County,2001,9.20685592251096
Plumas County,2002,9.847575725252055
Plumas County,2003,8.416399033667945
Plumas County,2004,8.602912452368853
Plumas County,2005,8.667027021905206
Plumas County,2006,8.258635592567671
Plumas County,2007,6.85018564422137
Plumas County,2008,10.212410692036066
Plumas County,2009,7.3131696446265755
Plumas County,2010,5.881751071232602
Plumas County,2011,7.017888558122465
Plumas County,2012,6.309484485957377
Plumas County,2013,6.886269127203013
Plumas County,2014,6.757044129160273
Riverside County,2001,20.203461979437535
Riverside County,2002,18.309809405510958
Riverside County,2003,16.162347169918082
Riverside County,2004,15.448071286935791
Riverside County,2005,14.364479265392877
Riverside County,2006,13.135815663970135
Riverside County,2007,12.259386435541371
Riverside County,2008,11.788012443472953
Riverside County,2009,11.172374821161096
Riverside County,2010,9.97249479481726
Riverside County,2011,10.211818480707946
Riverside County,2012,10.17290984935601
Riverside County,2013,9.826104279356713
Riverside County,2014,10.555137622747944
Sacramento County,2001,11.722751589757259
Sacramento County,2002,13.63683664428411
Sacramento County,2003,11.912871581977534
Sacramento County,2004,11.562250639218306
Sacramento County,2005,11.178225703527946
Sacramento County,2006,12.016042917170411
Sacramento County,2007,11.478697815081643
Sacramento County,2008,13.162473672249453
Sacramento County,2009,10.415552752045206
Sacramento County,2010,8.70028377944411
Sacramento County,2011,10.152928527231232
Sacramento County,2012,8.880931508585519
Sacramento County,2013,11.151681931634247
Sacramento County,2014,9.259274312436439
San Benito County,2001,11.419024552179179
San Benito County,2002,12.57503512154959
San Benito County,2003,11.469211318304932
San Benito County,2004,10.811250597854098
San Benito County,2005,10.441758770870411
San Benito County,2006,10.769627427930958
San Benito County,2007,9.240490921053425
San Benito County,2008,10.401702346005193
San Benito County,2009,9.339149613196438
San Benito County,2010,7.734981147943014
San Benito County,2011,8.35306412403233
San Benito County,2012,7.311182737213115
San Benito County,2013,8.67199087174274
San Benito County,2014,5.620394368618082
San Bernardino County,2001,21.741936718941098
San Bernardino County,2002,19.913235900999176
San Bernardino County,2003,17.089954941185752
San Bernardino County,2004,16.703748025739618
San Bernardino County,2005,15.540707469506026
San Bernardino County,2006,14.29114707976767
San Bernardino County,2007,13.28475464834904
San Bernardino County,2008,12.56713433709071
San Bernardino County,2009,12.285559151712603
San Bernardino County,2010,10.790154102976437
San Bernardino County,2011,11.176266321604658
San Bernardino County,2012,10.881289326485792
San Bernardino County,2013,10.258470894923013
San Bernardino County,2014,10.843628727679178
San Diego County,2001,16.11172141573096
San Diego County,2002,15.00200754954548
San Diego County,2003,14.423344735005479
San Diego County,2004,13.226557581809836
San Diego County,2005,12.081358926470411
San Diego County,2006,11.925165673528767
San Diego County,2007,12.73025658868
San Diego County,2008,12.641963017320766
San Diego County,2009,11.308113153925479
San Diego County,2010,9.906170013970959
San Diego County,2011,9.983676424934796
San Diego County,2012,9.889968404075136
San Diego County,2013,9.623320900567945
San Diego County,2014,10.008912947011233
San Francisco County,2001,10.261637792444384
San Francisco County,2002,11.49056710183863
San Francisco County,2003,10.869385986364932
San Francisco County,2004,9.571354222978142
San Francisco County,2005,9.061922623838356
San Francisco County,2006,9.620037691965754
San Francisco County,2007,9.120149231686849
San Francisco County,2008,11.659355971985793
San Francisco County,2009,10.532722477306303
San Francisco County,2010,9.073322813773698
San Francisco County,2011,9.497713232413425
San Francisco County,2012,7.5588660422948095
San Francisco County,2013,10.399794948296163
San Francisco County,2014,9.069542595742465
San Joaquin County,2001,12.833508827791507
San Joaquin County,2002,14.569500816437534
San Joaquin County,2003,13.34898244227863
San Joaquin County,2004,12.380718549842896
San Joaquin County,2005,11.960258660825753
San Joaquin County,2006,12.60031934696959
San Joaquin County,2007,11.724434662061098
San Joaquin County,2008,13.064606251424589
San Joaquin County,2009,10.808538594748219
San Joaquin County,2010,9.218132442285205
San Joaquin County,2011,9.777717162232328
San Joaquin County,2012,8.893810732390437
San Joaquin County,2013,11.416964919665205
San Joaquin County,2014,10.516105150310137
San Luis Obispo County,2001,10.850357970740822
San Luis Obispo County,2002,11.414221613857809
San Luis Obispo County,2003,10.280198125664931
San Luis Obispo County,2004,10.32163304814918
San Luis Obispo County,2005,9.395066829771782
San Luis Obispo County,2006,10.14178763809863
San Luis Obispo County,2007,8.81587287278685
San Luis Obispo County,2008,10.41333535427459
San Luis Obispo County,2009,9.875278459410138
San Luis Obispo County,2010,7.8984191884298625
San Luis Obispo County,2011,8.556796524551507
San Luis Obispo County,2012,7.3237781735229515
San Luis Obispo County,2013,8.659692628577808
San Luis Obispo County,2014,7.29064607805315
San Mateo County,2001,10.306540934503836
San Mateo County,2002,11.445350601861644
San Mateo County,2003,10.906030756088768
San Mateo County,2004,9.735542290134426
San Mateo County,2005,9.347413495970958
San Mateo County,2006,9.763740590955068
San Mateo County,2007,8.815152178977534
San Mateo County,2008,10.87853278951776
San Mateo County,2009,9.626013210421096
San Mateo County,2010,8.037408199894795
San Mateo County,2011,8.89667991240137
San Mateo County,2012,7.322665465690437
San Mateo County,2013,10.002071241551782
San Mateo County,2014,8.203579968433152
Santa Barbara County,2001,11.249244894143287
Santa Barbara County,2002,11.643335335492877
Santa Barbara County,2003,10.756993427978356
Santa Barbara County,2004,10.742451138051912
Santa Barbara County,2005,9.575741037203562
Santa Barbara County,2006,10.485350773308493
Santa Barbara County,2007,9.348187633865754
Santa Barbara County,2008,9.940068610888252
Santa Barbara County,2009,9.638338134075616
Santa Barbara County,2010,7.684652059995343
Santa Barbara County,2011,8.172917224028218
Santa Barbara County,2012,7.100206937135246
Santa Barbara County,2013,7.984977866703561
Santa Barbara County,2014,8.586342625836439
Santa Clara County,2001,11.254996284734247
Santa Clara County,2002,12.227201960215341
Santa Clara County,2003,11.531444599575616
Santa Clara County,2004,10.640871489851367
Santa Clara County,2005,10.466248227371507
Santa Clara County,2006,10.612544749259177
Santa Clara County,2007,10.041172742729316
Santa Clara County,2008,11.526207974836067
Santa Clara County,2009,9.804141142320548
Santa Clara County,2010,8.535050119076438
Santa Clara County,2011,9.316890758002192
Santa Clara County,2012,7.930660004477868
Santa Clara County,2013,9.75085310060411
Santa Clara County,2014,7.6776324603652055
Santa Cruz County,2001,10.145953660034795
Santa Cruz County,2002,11.213145639670136
Santa Cruz County,2003,10.721486856589589
Santa Cruz County,2004,9.9754344242306
Santa Cruz County,2005,9.63561265095452
Santa Cruz County,2006,9.878714905417535
Santa Cruz County,2007,8.760507509224931
Santa Cruz County,2008,10.270741053480053
Santa Cruz County,2009,9.05339256043589
Santa Cruz County,2010,7.718295886509041
Santa Cruz County,2011,8.276860642350137
Santa Cruz County,2012,7.15526887347459
Santa Cruz County,2013,8.778471538455069
Santa Cruz County,2014,6.590283555319726
Shasta County,2001,9.09897215646685
Shasta County,2002,10.613206028663836
Shasta County,2003,8.875739293926301
Shasta County,2004,8.69025600382377
Shasta County,2005,8.457798381063288
Shasta County,2006,8.937596560632876
Shasta County,2007,7.5316837050846575
Shasta County,2008,11.624734322480602
Shasta County,2009,7.9275348650136985
Shasta County,2010,6.854950209824384
Shasta County,2011,6.888776041266576
Shasta County,2012,6.371815256148634
Shasta County,2013,6.856381380134795
Shasta County,2014,7.271366843593972
Sierra County,2001,9.140758312328767
Sierra County,2002,9.852546684931507
Sierra County,2003,8.140859271232877
Sierra County,2004,8.597443560109289
Sierra County,2005,8.711587926027397
Sierra County,2006,8.584681715068493
Sierra County,2007,6.167061090410958
Sierra County,2008,9.125315016393442
Sierra County,2009,6.667083753424657
Sierra County,2010,5.556478202739726
Sierra County,2011,6.568410747945205
Sierra County,2012,5.638951040983606
Sierra County,2013,6.927127780821918
Sierra County,2014,6.739792712328767
Siskiyou County,2001,8.919771819957809
Siskiyou County,2002,11.893514699232878
Siskiyou County,2003,8.058503694714794
Siskiyou County,2004,8.126930128216394
Siskiyou County,2005,8.384690320344657
Siskiyou County,2006,8.588393057147123
Siskiyou County,2007,6.081096135615343
Siskiyou County,2008,8.78829519360246
Siskiyou County,2009,7.289686351861919
Siskiyou County,2010,5.5401822915846575
Siskiyou County,2011,6.17978760782548
Siskiyou County,2012,5.641072259955465
Siskiyou County,2013,6.528822197659178
Siskiyou County,2014,7.107062244612054
Solano County,2001,11.19395486408685
Solano County,2002,12.387671131409315
Solano County,2003,11.585383595703837
Solano County,2004,10.548455433896448
Solano County,2005,9.688915184061644
Solano County,2006,10.659648759434246
Solano County,2007,8.470873691310137
Solano County,2008,11.14249209598388
Solano County,2009,9.01550637714411
Solano County,2010,7.640335348083013
Solano County,2011,8.323497645349864
Solano County,2012,7.355725628973223
Solano County,2013,9.187973079336437
Solano County,2014,9.48666119292137
Sonoma County,2001,9.13403662012137
Sonoma County,2002,10.04336629282
Sonoma County,2003,10.011192668474246
Sonoma County,2004,8.482408672162022
Sonoma County,2005,7.814070339206027
Sonoma County,2006,8.800162755364932
Sonoma County,2007,6.770609587884658
Sonoma County,2008,10.216711104155738
Sonoma County,2009,7.7796205958375335
Sonoma County,2010,6.500691006310411
Sonoma County,2011,6.7990806956484935
Sonoma County,2012,5.924409003695902
Sonoma County,2013,7.254714117610411
Sonoma County,2014,8.408665290165754
Stanislaus County,2001,13.383267950756164
Stanislaus County,2002,15.194240632158357
Stanislaus County,2003,13.806075315400001
Stanislaus County,2004,12.667986084645355
Stanislaus County,2005,12.474528668256164
Stanislaus County,2006,12.955563343811233
Stanislaus County,2007,12.968418932973425
Stanislaus County,2008,13.72384310341776
Stanislaus County,2009,11.54848006914137
Stanislaus County,2010,10.021262024863836
Stanislaus County,2011,10.1284799190063
Stanislaus County,2012,9.177704444264208
Stanislaus County,2013,11.578656569518081
Stanislaus County,2014,11.039189790155067
Sutter County,2001,10.883072433278082
Sutter County,2002,12.250174439534794
Sutter County,2003,11.335837123808766
Sutter County,2004,10.303025354147268
Sutter County,2005,10.205818045661097
Sutter County,2006,10.572654485189041
Sutter County,2007,9.385224992160548
Sutter County,2008,11.632624568700273
Sutter County,2009,8.509971353936438
Sutter County,2010,6.907700977164931
Sutter County,2011,8.360343132034247
Sutter County,2012,7.4560207259887985
Sutter County,2013,9.17737365949589
Sutter County,2014,8.937589123280274
Tehama County,2001,9.289329026145206
Tehama County,2002,10.538330949947397
Tehama County,2003,9.695413954654246
Tehama County,2004,9.045958953807924
Tehama County,2005,8.719856534738081
Tehama County,2006,9.159506315565478
Tehama County,2007,7.5660865499367125
Tehama County,2008,11.413091719326776
Tehama County,2009,7.670362698141096
Tehama County,2010,6.360493725772055
Tehama County,2011,6.91715435840959
Tehama County,2012,6.3028760109341535
Tehama County,2013,7.259787394770684
Tehama County,2014,7.523636189290959
Trinity County,2001,8.28982952931507
Trinity County,2002,9.83190752219178
Trinity County,2003,8.29418186410959
Trinity County,2004,7.8727786442622945
Trinity County,2005,7.400748158356165
Trinity County,2006,10.167199119452055
Trinity County,2007,5.105594897534246
Trinity County,2008,10.596418238251365
Trinity County,2009,6.246836343013699
Trinity County,2010,4.905473784657534
Trinity County,2011,5.568292194520548
Trinity County,2012,4.98208993989071
Trinity County,2013,5.760269715068493
Trinity County,2014,6.607965863013699
Tulare County,2001,16.061370505862467
Tulare County,2002,17.693690279970685
Tulare County,2003,14.777348237114794
Tulare County,2004,14.155319920076229
Tulare County,2005,14.468059739194521
Tulare County,2006,14.385447415558628
Tulare County,2007,15.451485280452603
Tulare County,2008,16.129366614952733
Tulare County,2009,14.282722845998082
Tulare County,2010,11.832184182372055
Tulare County,2011,12.93482348025041
Tulare County,2012,11.615216509039342
Tulare County,2013,14.723473951183836
Tulare County,2014,15.081501700010685
Tuolumne County,2001,10.238392408471507
Tuolumne County,2002,11.473726177341645
Tuolumne County,2003,11.16420830985452
Tuolumne County,2004,10.072453566558742
Tuolumne County,2005,9.74129368169863
Tuolumne County,2006,10.1261125491863
Tuolumne County,2007,7.941544325276986
Tuolumne County,2008,9.445258063592897
Tuolumne County,2009,8.255632169357535
Tuolumne County,2010,7.206905940462465
Tuolumne County,2011,7.543481686672603
Tuolumne County,2012,6.413545789864481
Tuolumne County,2013,8.432496687420548
Tuolumne County,2014,7.293733823152603
Ventura County,2001,14.513269699674247
Ventura County,2002,14.25587395354219
Ventura County,2003,13.486890498054247
Ventura County,2004,12.80395191027459
Ventura County,2005,11.603091481620822
Ventura County,2006,11.887091522505754
Ventura County,2007,11.10888086809315
Ventura County,2008,11.249782854377596
Ventura County,2009,10.876902824432877
Ventura County,2010,8.66928051823315
Ventura County,2011,9.110375205636712
Ventura County,2012,8.649101726198634
Ventura County,2013,8.958164419981644
Ventura County,2014,9.498617833578082
Yolo County,2001,11.375101707584932
Yolo County,2002,12.826578478064931
Yolo County,2003,11.570002685469314
Yolo County,2004,10.955267308612294
Yolo County,2005,10.297113542080549
Yolo County,2006,11.280032099484933
Yolo County,2007,9.004452125544109
Yolo County,2008,11.686008939766939
Yolo County,2009,8.755944854672876
Yolo County,2010,7.15573581068822
Yolo County,2011,8.51777026915233
Yolo County,2012,7.727620831662568
Yolo County,2013,9.296322733043015
Yolo County,2014,8.88791104844493
Yuba County,2001,10.78517279315644
Yuba County,2002,12.199268148348768
Yuba County,2003,11.069228174153698
Yuba County,2004,10.2769603637847
Yuba County,2005,10.208560701964384
Yuba County,2006,10.523051554397535
Yuba County,2007,9.328417089435616
Yuba County,2008,11.58081287197213
Yuba County,2009,8.456853981995343
Yuba County,2010,6.952216649308767
Yuba County,2011,8.149654623477534
Yuba County,2012,7.294784482811475
Yuba County,2013,9.035699902150137
Yuba County,2014,8.437811888456713
